order	sample_id	group	observed_label	fold
1	GTEX-13CF3-2326-SM-5IFGL	GTEx	0.00825343479100969	2
2	GTEX-OXRK-0326-SM-3NB3R	GTEx	0.00431737610036399	2
3	GTEX-ZVT2-2226-SM-5NQ6P	GTEx	-0.00179351470477322	2
4	GTEX-U3ZN-2626-SM-3DB7T	GTEx	-0.00432603556520347	3
5	GTEX-U4B1-1726-SM-3DB9F	GTEx	-3.63200863725353e-05	4
6	GTEX-PWCY-1926-SM-3NB25	GTEx	0.00953693490786078	1
7	GTEX-Y5V5-2426-SM-5IFJA	GTEx	0.00542692451140753	4
8	GTEX-Q2AI-1426-SM-2S1P5	GTEx	0.00424686587891745	1
9	GTEX-12KS4-0426-SM-5EQMC	GTEx	-0.00406636640122441	1
10	GTEX-T6MN-0226-SM-32PMD	GTEx	0.0230307588239149	5
11	GTEX-147F3-0626-SM-5NQ9I	GTEx	-0.00773551807832297	3
12	GTEX-OXRN-0226-SM-2I5EJ	GTEx	0.0111941875053139	2
13	GTEX-YFC4-0226-SM-57WD2	GTEx	0.00356118041744579	3
14	GTEX-12ZZX-0226-SM-5DUXU	GTEx	0.0212767906563809	5
15	GTEX-ZP4G-2326-SM-57WEM	GTEx	-0.00274378209327212	3
16	GTEX-ZZ64-1626-SM-5E43W	GTEx	-0.00310563073231512	4
17	GTEX-ZVTK-0526-SM-5GZWT	GTEx	-0.00154832920752821	1
18	GTEX-QLQW-1226-SM-2S1Q9	GTEx	0.0135262816372066	3
19	GTEX-13QJ3-0426-SM-5RQHP	GTEx	-1.35884170966143e-05	5
20	GTEX-ZAJG-0226-SM-5HL81	GTEx	0.00146055931705746	2
21	GTEX-ZE7O-0226-SM-5S2N1	GTEx	-0.00400382088214373	1
22	GTEX-13111-1726-SM-5EGJZ	GTEx	-0.00494832534835513	1
23	GTEX-13G51-2626-SM-5LZYW	GTEx	0.00271119728355859	1
24	GTEX-VUSG-2426-SM-4KKZG	GTEx	0.00778717467676083	4
25	GTEX-ZUA1-0226-SM-5NQ9Q	GTEx	-0.000775516241320591	4
26	GTEX-OXRP-0226-SM-3NB14	GTEx	0.00576055059966874	3
27	GTEX-OOBK-0226-SM-2YUMF	GTEx	0.00737505483054756	4
28	GTEX-12C56-1626-SM-5FQUO	GTEx	-0.0050577474689647	3
29	GTEX-13VXU-0226-SM-5SI9R	GTEx	0.00030603632242375	5
30	GTEX-OOBJ-0226-SM-2YUMM	GTEx	-0.00443020833893789	3
31	GTEX-TML8-2026-SM-32QOP	GTEx	0.00732686408498429	5
32	GTEX-11DXW-0326-SM-5H11W	GTEx	-0.00184018773812634	3
33	GTEX-R55D-0326-SM-48FES	GTEx	0.00135499844115112	1
34	GTEX-1211K-2226-SM-5FQU6	GTEx	-0.00759577144672431	5
35	GTEX-13NZ9-0526-SM-5J1OX	GTEx	0.0110880008128056	1
36	GTEX-X4LF-1726-SM-3NMBZ	GTEx	0.00118484427674771	1
37	GTEX-S32W-2226-SM-2XCAY	GTEx	-0.00294306285720961	4
38	GTEX-13QBU-2526-SM-5LU4X	GTEx	0.00754179539126971	5
39	GTEX-14BMV-0226-SM-5S2N2	GTEx	0.0013022220501573	4
40	GTEX-13FTY-0626-SM-5L3F8	GTEx	-0.00415820249842951	4
41	GTEX-XUZC-1826-SM-4BRVO	GTEx	0.000737815902480026	1
42	GTEX-12WSM-0226-SM-5LZV6	GTEx	-0.00772220572112537	2
43	GTEX-11ZVC-2626-SM-5FQTA	GTEx	-0.00433129995032657	3
44	GTEX-146FR-1826-SM-5QGPF	GTEx	-0.0123056014152403	3
45	GTEX-X15G-2326-SM-4PQZS	GTEx	-0.0057086808910031	3
46	GTEX-ZAB4-1126-SM-5HL86	GTEx	0.00953996756196872	1
47	GTEX-P78B-1026-SM-3NMC4	GTEx	0.0136202434910225	3
48	GTEX-XQ8I-1526-SM-4BOOH	GTEx	0.0274371552253171	4
49	GTEX-XBEW-1326-SM-4AT63	GTEx	0.00437072271885104	1
50	GTEX-13FHP-1526-SM-5IJGE	GTEx	-0.00557085518024639	4
51	GTEX-RTLS-1126-SM-46MUQ	GTEx	0.00319994755275749	5
52	GTEX-Y5V6-1026-SM-4VBS2	GTEx	0.000980415287762229	2
53	GTEX-11NSD-1126-SM-5N9BQ	GTEx	0.0123635424602756	3
54	GTEX-14BIN-2726-SM-5RQIE	GTEx	0.00200526113330524	5
55	GTEX-UJMC-0926-SM-4IHLK	GTEx	0.0214021586569216	3
56	GTEX-OOBK-0625-SM-3LK5P	GTEx	0.00994787371830481	1
57	GTEX-Y111-1626-SM-57WCY	GTEx	0.0215878003507225	5
58	GTEX-VUSG-1226-SM-4KKZF	GTEx	0.0127479599580161	1
59	GTEX-QEG5-1426-SM-447AS	GTEx	0.0235630368274915	5
60	GTEX-OIZG-1026-SM-3LK5X	GTEx	0.0218321068555454	2
61	GTEX-13OVI-2626-SM-5KM4T	GTEx	0.00725862800442708	4
62	GTEX-ZA64-0626-SM-5HL9O	GTEx	-0.0015927905605337	1
63	GTEX-S32W-0926-SM-4AD5X	GTEx	0.0140125709683196	2
64	GTEX-144FL-2726-SM-5O98Z	GTEx	0.0141834792793971	4
65	GTEX-13SLX-1726-SM-5Q5E5	GTEx	0.00511467652276546	2
66	GTEX-11EMC-2226-SM-5A5JW	GTEx	0.0128404941688925	2
67	GTEX-XXEK-0326-SM-4BRVV	GTEx	0.0255694393566125	1
68	GTEX-XGQ4-1526-SM-4AT6H	GTEx	0.00861318401334753	5
69	GTEX-11ONC-1526-SM-5GU6S	GTEx	0.00156089059683636	3
70	GTEX-12BJ1-1626-SM-5HL8Y	GTEx	0.00948098704165157	4
71	GTEX-T5JW-1326-SM-4DM5G	GTEx	0.00941261578914872	1
72	GTEX-111CU-0726-SM-5GZYD	GTEx	0.0152502017515138	2
73	GTEX-13X6H-1326-SM-5LU42	GTEx	-0.00132691563745159	3
74	GTEX-13JVG-2026-SM-5KM1N	GTEx	0.00536326637264309	2
75	GTEX-X4EP-1626-SM-4QAS6	GTEx	0.0139403259690735	2
76	GTEX-ZF3C-1626-SM-4WWB4	GTEx	0.00612999698113614	5
77	GTEX-13NZB-1226-SM-5J2MW	GTEx	0.0119166775451761	3
78	GTEX-ZYW4-1326-SM-5E45N	GTEx	-0.000403354430171345	4
79	GTEX-REY6-1326-SM-48FDO	GTEx	0.0207052123588784	4
80	GTEX-11DXX-1126-SM-5GZZK	GTEx	0.00963894244799134	3
81	GTEX-ZYVF-2226-SM-5GIDD	GTEx	0.0354536147625609	3
82	GTEX-YJ89-1526-SM-5P9IR	GTEx	0.00827278472244966	1
83	GTEX-R53T-1126-SM-48FD4	GTEx	0.0237595439232677	1
84	GTEX-O5YV-1026-SM-3LK72	GTEx	0.0161194671637424	5
85	GTEX-Z9EW-0526-SM-5HL8S	GTEx	0.00531390764179752	4
86	GTEX-XUZC-0426-SM-4BOPE	GTEx	0.00872231676702891	2
87	GTEX-R55G-1026-SM-48FDI	GTEx	0.00866650684844777	1
88	GTEX-R45C-1226-SM-48FEE	GTEx	0.0152947413204438	3
89	GTEX-12KS4-0926-SM-5BC5S	GTEx	0.00308257180779714	4
90	GTEX-13N1W-0726-SM-5MR57	GTEx	0.0243743668340453	2
91	GTEX-XBED-0826-SM-47JYC	GTEx	0.0070570010709112	1
92	GTEX-X4EP-0526-SM-3P5YW	GTEx	0.0114258535412768	4
93	GTEX-145MN-0926-SM-5NQBT	GTEx	0.0139961128664414	1
94	GTEX-PLZ5-0726-SM-2I5F9	GTEx	0.00739966588126592	3
95	GTEX-Y8E4-0526-SM-4V6GC	GTEx	0.0112870153232388	5
96	GTEX-148VI-0226-SM-5RQKA	GTEx	0.0120418480409652	5
97	GTEX-OIZG-0526-SM-2HMLF	GTEx	0.0124904011867766	3
98	GTEX-UPK5-1126-SM-3GAEJ	GTEx	0.0176304228269635	2
99	GTEX-13OVH-1026-SM-5J2NP	GTEx	0.00676975471300948	3
100	GTEX-13PL7-1726-SM-5J2NX	GTEx	0.0105719265640952	2
101	GTEX-13G51-0426-SM-5K7Z5	GTEx	0.0142429226108618	4
102	GTEX-13NYS-1626-SM-5J2MU	GTEx	0.0121641650756686	5
103	GTEX-145LS-1226-SM-5Q5D9	GTEx	0.0355412924509868	3
104	GTEX-WK11-0526-SM-3NB3O	GTEx	0.00616728796589394	2
105	GTEX-ZZPT-1326-SM-5E43H	GTEx	0.00411061603766355	1
106	GTEX-13OVJ-0726-SM-5KM1W	GTEx	0.0180807888663879	2
107	GTEX-ZDXO-1326-SM-57WBS	GTEx	0.00748893773355633	5
108	GTEX-131XE-0726-SM-5HL9K	GTEx	0.0162222099638025	4
109	GTEX-O5YV-0526-SM-2I5GE	GTEx	0.0240197868542289	3
110	GTEX-117YX-1326-SM-5H125	GTEx	0.0087580145189799	5
111	GTEX-12WSI-0826-SM-5EGKD	GTEx	0.0188741193337936	3
112	GTEX-13O3P-1026-SM-5N9E7	GTEx	0.0136269501011647	5
113	GTEX-13U4I-1426-SM-5J2M3	GTEx	0.0328552729649927	2
114	GTEX-X261-1026-SM-3NMDL	GTEx	-0.00537283838384209	1
115	GTEX-ZXG5-0826-SM-5GID6	GTEx	0.0163634096077135	4
116	GTEX-QDVN-0726-SM-4B64L	GTEx	0.0119717744162539	1
117	GTEX-ZF2S-0626-SM-4WKH2	GTEx	0.020555287611009	4
118	GTEX-QMR6-1926-SM-32PL9	GTEx	0.0189407356639007	5
119	GTEX-133LE-0526-SM-5N9EJ	GTEx	0.00474603021740749	5
120	GTEX-OXRO-0326-SM-33HBM	GTEx	0.00941241096710539	4
121	GTEX-13O3Q-0526-SM-5KM18	GTEx	0.0106828793355851	1
122	GTEX-QCQG-0326-SM-2I3ES	GTEx	0.00216912247881868	4
123	GTEX-12WSD-0826-SM-5GCNE	GTEx	0.0173977264473905	5
124	GTEX-13111-0426-SM-5DUXR	GTEx	0.0143335160000022	3
125	GTEX-13FHP-0726-SM-5K7YI	GTEx	0.0116836523377759	5
126	GTEX-P78B-0926-SM-2I5FA	GTEx	0.0269395609235317	1
127	GTEX-13QBU-0726-SM-5J2OA	GTEx	0.0220862343814091	2
128	GTEX-131YS-0926-SM-5IJB9	GTEx	0.00879290859684665	3
129	GTEX-XMD2-1026-SM-4WWE8	GTEx	0.00758836212618729	3
130	GTEX-11DXZ-0726-SM-5N9C4	GTEx	0.0312992283312473	4
131	GTEX-11NSD-0326-SM-5A5LS	GTEx	0.0124353803506219	3
132	GTEX-WZTO-0426-SM-3NM99	GTEx	0.0140505379556158	1
133	GTEX-11O72-0326-SM-5986D	GTEx	0.00644165744977014	4
134	GTEX-11DZ1-0926-SM-5EQ5R	GTEx	0.00836668270637294	2
135	GTEX-WXYG-2526-SM-3NB3F	GTEx	0.00278108900230233	1
136	GTEX-VUSG-2626-SM-4KKZI	GTEx	0.0127886806903232	1
137	GTEX-13PVR-2526-SM-5RQIT	GTEx	0.00113330157734699	4
138	GTEX-Z9EW-1726-SM-5CVMO	GTEx	-0.00224881103176748	2
139	GTEX-11EMC-2626-SM-59864	GTEx	0.000712413843802223	3
140	GTEX-13NZA-0526-SM-5L3D7	GTEx	0.00475239576346312	2
141	GTEX-ZTPG-0126-SM-5O9AL	GTEx	0.00376029314888066	4
142	GTEX-QEG5-0426-SM-2I5GJ	GTEx	0.0043865444287953	3
143	GTEX-Q2AG-0426-SM-2S1PU	GTEx	0.00390171474158151	4
144	GTEX-13PVQ-0326-SM-5K7YF	GTEx	0.00630772321014409	4
145	GTEX-1445S-0626-SM-5LU3C	GTEx	0.00667392660636042	1
146	GTEX-12ZZY-0626-SM-5EQ5T	GTEx	0.0103989367954171	2
147	GTEX-OIZI-0626-SM-2XCEH	GTEx	0.00400520985288335	1
148	GTEX-QDVN-2426-SM-2S1Q4	GTEx	0.000221624231814039	5
149	GTEX-147F3-0226-SM-5NQBV	GTEx	-0.00578997088209092	5
150	GTEX-QLQW-1326-SM-2S1QS	GTEx	0.0147059973056668	1
151	GTEX-Y8E5-0326-SM-57WBM	GTEx	0.00739255098833405	2
152	GTEX-ZWKS-0326-SM-5NQ7G	GTEx	0.00721340448926171	4
153	GTEX-Y5V6-2626-SM-5IFIX	GTEx	0.00355381624958675	3
154	GTEX-X4XX-0626-SM-3NMC1	GTEx	0.00635849338397942	5
155	GTEX-PWCY-2026-SM-5SI8R	GTEx	0.00161776113651014	2
156	GTEX-QVUS-0226-SM-3GIJY	GTEx	-0.00064734989312122	2
157	GTEX-SNMC-1426-SM-2XCFM	GTEx	0.00771465421718256	1
158	GTEX-11NSD-2026-SM-5HL5U	GTEx	-0.00296457322864699	3
159	GTEX-139T8-0526-SM-5KLZL	GTEx	0.0172637784955398	5
160	GTEX-146FR-1726-SM-5Q5DT	GTEx	0.000635239129793528	3
161	GTEX-13112-2626-SM-5BC66	GTEx	0.0134851784944037	1
162	GTEX-ZY6K-2026-SM-5GZXQ	GTEx	0.00799568395716744	4
163	GTEX-13FTZ-2226-SM-5LZXI	GTEx	0.0109945760873496	3
164	GTEX-11EQ9-2126-SM-5PNVW	GTEx	0.00156033249135368	4
165	GTEX-11H98-0326-SM-5HL4S	GTEx	-0.000735149530985215	5
166	GTEX-13W3W-2626-SM-5SIA2	GTEx	0.000250750000099564	4
167	GTEX-X261-0326-SM-3NMD4	GTEx	0.000523568001283297	5
168	GTEX-12WSM-0326-SM-5LZVI	GTEx	-0.00209751945355274	3
169	GTEX-117YX-2526-SM-5EQ4Q	GTEx	0.00515176630890014	5
170	GTEX-13OW7-0326-SM-5J1MP	GTEx	0.0079465008310266	3
171	GTEX-132Q8-0626-SM-5L3F3	GTEx	0.00625229705927962	3
172	GTEX-145MH-0326-SM-5LU8H	GTEx	0.0107377648436049	5
173	GTEX-13O1R-0526-SM-5K7XU	GTEx	0.0106617715789717	5
174	GTEX-XGQ4-2326-SM-4AT53	GTEx	0.0241905458674435	1
175	GTEX-1313W-0526-SM-5P9FZ	GTEx	0.00460698833034574	2
176	GTEX-Z93S-1626-SM-5CVMB	GTEx	0.0180712948236548	4
177	GTEX-11NSD-0626-SM-5A5LU	GTEx	0.0105294952247708	1
178	GTEX-12KS4-2126-SM-5FQUT	GTEx	0.0254881660968798	1
179	GTEX-ZZPU-0826-SM-5GZX5	GTEx	-0.000730118858853501	3
180	GTEX-XYKS-1426-SM-4BRUO	GTEx	0.0230075731703538	1
181	GTEX-ZVTK-0226-SM-51MRG	GTEx	0.0515759032956955	2
182	GTEX-Y3IK-1626-SM-4YCF5	GTEx	-0.00663751712357423	4
183	GTEX-13OVJ-0826-SM-5J1OK	GTEx	0.00432952205599183	4
184	GTEX-ZT9W-1126-SM-57WDR	GTEx	0.00751014550609055	1
185	GTEX-11ZUS-2626-SM-5FQUR	GTEx	0.00719702819610478	2
186	GTEX-14B4R-1326-SM-5Q5EZ	GTEx	0.00773613254375144	2
187	GTEX-13FTW-0326-SM-5K7UW	GTEx	0.0112075067557845	3
188	GTEX-ZF2S-1626-SM-57WES	GTEx	0.0151589466963379	4
189	GTEX-11O72-0626-SM-5PNYE	GTEx	0.0205002009815907	3
190	GTEX-11TUW-0626-SM-5LU9M	GTEx	0.00672418556781181	1
191	GTEX-ZVP2-0326-SM-57WBP	GTEx	0.00277688637596244	4
192	GTEX-146FQ-2126-SM-5RQHU	GTEx	0.00753198264054548	5
193	GTEX-132AR-0326-SM-5KM2C	GTEx	0.011595428344127	4
194	GTEX-1314G-1326-SM-5BC6E	GTEx	0.0256147830351766	2
195	GTEX-11VI4-1126-SM-5EQMD	GTEx	-0.000362481309181288	3
196	GTEX-12ZZZ-0726-SM-5GCNZ	GTEx	-0.000161512385575791	1
197	GTEX-ZAB4-2126-SM-5HL8U	GTEx	0.00114510480541175	5
198	GTEX-13VXT-1926-SM-5K7UO	GTEx	0.00339089876783479	2
199	GTEX-13NZ9-2626-SM-5L3FK	GTEx	0.0188944166447034	3
200	GTEX-148VJ-0626-SM-5LUAW	GTEx	-0.00640972691512602	2
201	GTEX-145MI-0626-SM-5SI8S	GTEx	-0.00234031608359395	4
202	GTEX-13PL6-1126-SM-5L3IE	GTEx	0.00571264048098283	1
203	GTEX-13U4I-2226-SM-5LU5H	GTEx	0.00863897289704031	2
204	GTEX-11DXX-2126-SM-5PNYR	GTEx	0.00639943658665876	5
205	GTEX-WYVS-1626-SM-3NM9R	GTEx	0.0259133231194984	4
206	GTEX-11DZ1-2426-SM-5GZZX	GTEx	0.0196590712639255	4
207	GTEX-111FC-2526-SM-5GZXU	GTEx	0.0140173492859886	3
208	GTEX-11ZTT-2126-SM-5CVLO	GTEx	0.00600141491895408	2
209	GTEX-WH7G-2026-SM-3NMBL	GTEx	0.0113588465563572	4
210	GTEX-XOT4-0626-SM-4B66L	GTEx	0.0331141269877343	3
211	GTEX-YB5K-2026-SM-4VDT3	GTEx	0.0077918662398026	5
212	GTEX-ZYW4-0626-SM-59HJR	GTEx	0.0105974052183548	5
213	GTEX-1192X-2726-SM-5N9DN	GTEx	-1.97132346739636e-05	4
214	GTEX-ZYFC-0426-SM-5GICQ	GTEx	0.00663933286505254	1
215	GTEX-111YS-1526-SM-5GZYW	GTEx	-0.00619408259841043	5
216	GTEX-11NUK-2726-SM-5A5MC	GTEx	0.0147185291464926	4
217	GTEX-11EQ8-0926-SM-5H12V	GTEx	0.015295551827111	5
218	GTEX-139TT-2126-SM-5LZWC	GTEx	0.0160383620557222	5
219	GTEX-X8HC-0626-SM-4E3HQ	GTEx	0.00422864110151939	5
220	GTEX-ZF29-0926-SM-4WKFZ	GTEx	0.000771134558748204	3
221	GTEX-YFCO-1226-SM-5LUAT	GTEx	0.00789350560693909	2
222	GTEX-13O3O-2326-SM-5IJD6	GTEx	0.0131460714537525	2
223	GTEX-139UW-2826-SM-5L3E7	GTEx	0.00472620582317281	3
224	GTEX-S95S-1226-SM-4GICG	GTEx	0.0171046763696458	2
225	GTEX-11GSP-2526-SM-5N9BP	GTEx	0.0154777774930284	4
226	GTEX-13O1R-0126-SM-5L3EH	GTEx	0.0118663204318245	5
227	GTEX-1212Z-2526-SM-5EGKP	GTEx	0.015991558636314	3
228	GTEX-14C5O-0126-SM-5SI6N	GTEx	0.0130101357442527	5
229	GTEX-OXRK-0226-SM-3NB2G	GTEx	0.0111307158134535	2
230	GTEX-1211K-2026-SM-5EQ4Z	GTEx	-0.00150449799199978	2
231	GTEX-XPVG-2626-SM-4B669	GTEx	0.0219690272086923	5
232	GTEX-XQ3S-1526-SM-4BOOC	GTEx	0.00541269504198422	3
233	GTEX-QESD-1426-SM-2S1R9	GTEx	0.0187517532809498	2
234	GTEX-U3ZM-1526-SM-3DB9D	GTEx	-0.00455654950764839	5
235	GTEX-TMMY-0226-SM-33HBA	GTEx	0.0167874305268046	5
236	GTEX-139T4-0226-SM-5HL5S	GTEx	0.018808690437712	5
237	GTEX-ZGAY-0526-SM-4WWBB	GTEx	0.00272645523055595	2
238	GTEX-OXRP-0126-SM-3NB32	GTEx	0.0132903027753187	5
239	GTEX-145MO-0326-SM-5Q5B3	GTEx	0.00396016678823464	5
240	GTEX-13RTJ-2426-SM-5S2Q2	GTEx	0.00521339905118615	2
241	GTEX-RUSQ-1526-SM-2TF62	GTEx	0.0131456937192532	2
242	GTEX-QLQW-1126-SM-2S1Q8	GTEx	0.0166089524716009	1
243	GTEX-145MN-2226-SM-5SIAU	GTEx	-0.00419594881407258	3
244	GTEX-ZYY3-0126-SM-5GZY5	GTEx	0.0110501717890092	3
245	GTEX-146FQ-0126-SM-5NQA9	GTEx	-0.000100241848700167	4
246	GTEX-Y8DK-0126-SM-4TT3L	GTEx	0.0220327151816148	1
247	GTEX-XBED-2226-SM-47JYQ	GTEx	0.00196301693766633	4
248	GTEX-P4PP-0126-SM-3LK69	GTEx	0.00998147092729173	1
249	GTEX-12WSL-2526-SM-5GCNJ	GTEx	-0.00301645832386241	2
250	GTEX-ZF2S-2326-SM-4WWCE	GTEx	0.0164626284484373	4
251	GTEX-13FTY-0526-SM-5L3EV	GTEx	0.0139117075240547	1
252	GTEX-ZYW4-0126-SM-5E44A	GTEx	-0.000266886912839277	2
253	GTEX-P4PQ-0126-SM-2S1NM	GTEx	0.00268225543104698	2
254	GTEX-QCQG-1726-SM-3GIJ9	GTEx	0.0157783397119906	4
255	GTEX-145MI-0526-SM-5O9A8	GTEx	0.0091727766037487	5
256	GTEX-11P82-1626-SM-59879	GTEx	-0.00463594566646886	1
257	GTEX-UJHI-1526-SM-3DB99	GTEx	-0.00178653646135979	5
258	GTEX-RU72-0926-SM-2TF6B	GTEx	0.0191817308101476	3
259	GTEX-11GS4-2726-SM-5A5LE	GTEx	0.00700449180873121	1
260	GTEX-1399T-2826-SM-5KLYZ	GTEx	0.0209634163336252	1
261	GTEX-OHPL-0126-SM-2HMJ7	GTEx	0.010996021928284	3
262	GTEX-OIZH-0126-SM-2HMIS	GTEx	0.00518450519663609	2
263	GTEX-13OVG-1926-SM-5L3DK	GTEx	0.00673395457608462	1
264	GTEX-RWS6-2026-SM-2XCB5	GTEx	0.00411818240846419	4
265	GTEX-145LT-1726-SM-5QGP3	GTEx	0.0120749245371001	2
266	GTEX-ZC5H-0226-SM-4WAY9	GTEx	0.0202965540069317	1
267	GTEX-14A6H-0126-SM-5QGPK	GTEx	-0.00100631344889809	5
268	GSM1973958	ADMSC	0.270504884247441	2
269	GSM1973959	ADMSC	0.287943448782629	2
270	GSM1973960	ADMSC	0.281537328816867	4
271	GSM1973961	ADMSC	0.297520993589465	5
272	GSM1973962	ADMSC	0.302467423727703	2
273	GSM1973963	ADMSC	0.30303188043157	3
274	GSM6169153	ADMSC	0.316668874179533	1
275	GSM6169155	ADMSC	0.267053720759631	4
276	GSM6169156	ADMSC	0.271492843743465	3
277	GSM6169158	ADMSC	0.297034164668481	2
278	GSM6169159	ADMSC	0.303896661827951	1
279	GSM6169161	ADMSC	0.325227307928437	1
280	GSM6169162	ADMSC	0.407780931854239	2
281	GSM6169164	ADMSC	0.300493260251	4
282	GSM6169165	ADMSC	0.347455063162342	1
283	GSM6169167	ADMSC	0.278754454075398	2
284	GSM6169168	ADMSC	0.312367517970769	2
285	GSM4128688	BMSC	0.313262234012003	2
286	GSM4128689	BMSC	0.288452269400646	4
287	GSM4128690	BMSC	0.32786937733333	2
288	GSM4128691	BMSC	0.25493823843683	3
289	GSM4128692	BMSC	0.355330988110296	4
290	GSM4128693	BMSC	0.326262282487962	1
291	GSM4128694	BMSC	0.297743000862305	5
292	GSM4128695	BMSC	0.270259317470327	4
293	GSM4128696	BMSC	0.378451545886922	1
294	GSM4128697	BMSC	0.347966609228187	1
295	GSM4128698	BMSC	0.400789737425506	3
296	GSM4128699	BMSC	0.416911456082187	4
297	GSM4128700	BMSC	0.344299445244229	2
298	GSM4128701	BMSC	0.386137526512896	2
299	GSM4128702	BMSC	0.362865053263312	5
300	GSM4128703	BMSC	0.355858065284059	5
301	GSM4128704	BMSC	0.39915850665082	1
302	GSM4128705	BMSC	0.383379053311263	1
303	GSM4128706	BMSC	0.40416208947984	1
304	GSM4128707	BMSC	0.400924385472255	3
305	GSM4128708	BMSC	0.385272230769154	5
306	GSM4128709	BMSC	0.368728357135386	1
307	GSM4128710	BMSC	0.360168241988483	5
308	GSM4128711	BMSC	0.416759968854698	2
309	GSM4128712	BMSC	0.354329093644955	5
310	GSM4128713	BMSC	0.406866106863147	5
311	GSM4128714	BMSC	0.335647697858022	1
312	GSM4128715	BMSC	0.391217767394405	4
313	GSM4128716	BMSC	0.362913427983746	3
314	GSM4128717	BMSC	0.402003850564935	5
315	GSM4128718	BMSC	0.366978472880817	5
316	GSM4128719	BMSC	0.321505014104603	1
317	GSM4128720	BMSC	0.290412766243126	4
318	GSM4128721	BMSC	0.405892665914299	3
319	GSM4128722	BMSC	0.364604800071522	4
320	GSM4128723	BMSC	0.409558532862735	5
321	GSM4128724	BMSC	0.353309082708021	5
322	GSM4128725	BMSC	0.373170496266809	3
323	GSM4128726	BMSC	0.329130637736469	2
324	GSM4128727	BMSC	0.357865111534381	4
325	GSM5393142	BMSC	0.277298505885209	5
326	GSM5393143	BMSC	0.392339974849033	2
327	GSM5393144	BMSC	0.279878534014428	1
328	GSM5393145	BMSC	0.367686051259084	3
329	GSM5393146	BMSC	0.334677757123189	4
330	GSM5393147	BMSC	0.331469513671771	4
331	GSM5393148	BMSC	0.343100266929092	2
332	GSM5393149	BMSC	0.256905871131922	3
333	GSM5393150	BMSC	0.30800367205266	5
334	GSM5393151	BMSC	0.0782799798071849	1
335	GSM5393152	BMSC	0.063499437491477	1
336	GSM5393153	BMSC	0.0675000056899039	2
337	GSM5393154	BMSC	0.0637267921687037	1
338	GSM5393155	BMSC	0.0637012569967374	4
339	GSM5393156	BMSC	0.0700258975231479	1
340	GSM5393157	BMSC	0.131398033685134	3
341	GSM5393158	BMSC	0.0645435648605577	1
342	GSM5393159	BMSC	0.0634189632319333	5
343	GSM4072651	BMSC	0.205360735230944	3
344	GSM4072652	BMSC	0.183583644020664	4
345	GSM4072653	BMSC	0.199118147643225	2
346	GSM4072654	BMSC	0.221701238310308	4
347	GSM4072655	BMSC	0.26687405791491	4
348	GSM4072656	BMSC	0.212458893527763	3
349	GSM4072657	BMSC	0.199625728857531	5
350	GSM4072658	BMSC	0.187134272899926	5
351	GSM4072659	BMSC	0.241783812519351	4
352	GSM4072660	BMSC	0.272545586909225	5
353	GSM4072661	BMSC	0.216780941928465	4
354	GSM4072662	BMSC	0.246571409600757	2
355	GSM4072663	BMSC	0.2176892750063	3
356	GSM4072664	BMSC	0.233035435552488	2
357	GSM4072665	BMSC	0.231615121418252	5
358	GSM4072666	BMSC	0.223923226499767	3
359	GSM4072667	BMSC	0.248426299629143	3
360	GSM4072668	BMSC	0.199352743051659	2
361	GSM3167292	HSC	0.429889912453648	1
362	GSM3167321	HSC	0.49585524483153	5
363	GSM3167324	HSC	0.458393313975598	2
364	GSM3167327	HSC	0.379156072865639	4
365	GSM3167340	HSC	0.492601380780526	4
366	GSM3167351	HSC	0.511046692982949	5
367	GSM3167354	HSC	0.347093061549597	5
368	GSM3167361	HSC	0.466802687503331	3
369	GSM3190036	HSC	0.199745176512254	3
370	GSM3190038	HSC	0.234489732238723	2
371	GSM3190039	HSC	0.184355470317571	2
372	GSM3190040	HSC	0.18816554900722	3
373	GSM3190041	HSC	0.137610334662559	5
374	GSM3190046	HSC	0.271204800059489	3
375	GSM3190049	HSC	0.167886757992009	5
376	GSM3190055	HSC	0.100236878548708	5
377	GSM3190056	HSC	0.183186710610939	1
378	GSM3190058	HSC	0.11323297052193	3
379	GSM3190059	HSC	0.178208850913506	1
380	GSM3190066	HSC	0.129899208880307	4
381	GSM3190068	HSC	0.137859188250593	2
382	GSM3190073	HSC	0.115531051437697	3
383	GSM2797287_Sample_56677	HSC	0.386087493448461	2
384	GSM2797288_Sample_56678	HSC	0.47584022968276	5
385	GSM2797289_Sample_56996	HSC	0.324975863845148	3
386	GSM2797290_Sample_57009	HSC	0.505000424996107	5
387	GSM2797291_Sample_56997	HSC	0.505378003715339	2
388	GSM2797292_Sample_57010	HSC	0.434517841564355	2
389	GSM2797293_Sample_69598	HSC	0.605762013708003	5
390	GSM2797294_Sample_57005	HSC	0.502608556654359	1
391	GSM2797295_Sample_69599	HSC	0.576649355864428	3
392	GSM2797296_Sample_57008	HSC	0.339895297843669	5
393	GSM2797297_Sample_57000	HSC	0.489275456345292	4
394	GSM2797298_Sample_57004	HSC	0.545342607361435	5
395	GSM2797299_Sample_69596	HSC	0.514048177241784	4
396	GSM2797300_Sample_57002	HSC	0.54537708207458	1
397	GSM2797301_Sample_57003	HSC	0.617115152500872	4
398	GSM2797302_Sample_56682	HSC	0.638789625103946	1
399	GSM2797303_Sample_69600	HSC	0.453390086001123	3
400	GSM2797304_Sample_57001	HSC	0.522254473692039	1
401	GSM2797305_Sample_56683	HSC	0.600914927610423	4
402	GSM2797306_Sample_69597	HSC	0.44170349523344	3
403	GSM4432248	PGC	0.48456129175439	2
404	GSM4432249	PGC	0.473225838049702	2
405	GSM4432250	PGC	0.494281667898842	1
406	GSM4432281	PGC	0.521366849431456	1
407	GSM4432282	PGC	0.53733143140349	3
408	D3.5_1_Base_Media_NANOGPos	PGC	0.71510418546582	2
409	D3.5_2_Base_Media_NANOGPos	PGC	0.7251901904738	1
410	D3.5_3_Base_Media_NANOGPos	PGC	0.680585259032092	4
411	D3.5_1_XAV_NANOGPos	PGC	0.699299659528012	4
412	D3.5_2_XAV_NANOGPos	PGC	0.707216820936255	3
413	D3.5_3_XAV_NANOGPos	PGC	0.692324338549333	2
414	GSM1466233	PGC	0.539130481367509	5
415	GSM1466234	PGC	0.592815372995823	1
416	GSM1466241	PGC	0.555193342237168	5
417	GSM1466242	PGC	0.628944772333105	5
418	GSM2099959	iPSC	0.870091441418715	5
419	GSM2099960	iPSC	0.915371778470158	1
420	GSM2099961	iPSC	0.893901424987723	4
421	GSM2099962	iPSC	0.951966410811127	4
422	GSM2099963	iPSC	0.935709600653837	5
423	GSM2099964	iPSC	0.945589181899234	5
424	GSM2099965	iPSC	0.97030791804554	4
425	GSM2099966	iPSC	0.97343549570509	1
426	GSM2099967	iPSC	0.942665655249719	3
427	GSM2099968	iPSC	0.914043969223779	4
428	GSM2099969	iPSC	0.911195280155619	1
429	GSM2099970	iPSC	0.921733091409548	1
430	GSM2099971	iPSC	0.922827780669495	4
431	GSM2099972	iPSC	0.919506377436206	4
432	GSM2099973	iPSC	0.912881776599697	1
433	GSM2099974	iPSC	0.902140144603808	4
434	GSM2099975	iPSC	0.922948873252694	1
435	GSM2099976	iPSC	0.955868499623622	1
436	GSM2099977	iPSC	0.941294492447	5
437	GSM2099978	iPSC	0.965921345172109	2
438	GSM2099979	iPSC	0.955927423099093	3
439	GSM2099980	iPSC	0.958547906621076	1
440	GSM2099981	iPSC	0.948968358180746	2
441	GSM2099982	iPSC	0.934303148233143	5
442	GSM2099983	iPSC	0.941931112394717	3
443	GSM2099984	iPSC	0.94826492819648	4
444	GSM2099985	iPSC	0.939349105441007	1
445	GSM2099986	iPSC	0.956490579920676	5
446	GSM2099987	iPSC	0.921089175322913	3
447	GSM2099988	iPSC	0.86435035798455	2
448	GSM2099989	iPSC	0.923574300110752	5
449	GSM2099990	iPSC	0.921749299834384	4
450	GSM2099991	iPSC	0.925342594105854	3
451	GSM2099992	iPSC	0.921811740828614	5
452	GSM2099993	iPSC	0.980589083312345	3
453	GSM2099994	iPSC	0.974643821880592	5
454	GSM2099995	iPSC	0.979746489999902	5
455	GSM2099996	iPSC	0.956658488816729	5
456	GSM2099997	iPSC	0.964444602766625	2
457	GSM2099998	iPSC	0.916241810305001	4
458	GSM2099999	iPSC	0.903531512401692	2
459	GSM2100000	iPSC	0.911266325133147	2
460	GSM2100001	iPSC	0.910668680979396	2
461	GSM2100002	iPSC	0.920905191248109	4
462	GSM2100003	iPSC	0.918526974454911	1
463	GSM2100004	iPSC	0.899858266818871	3
464	GSM2100005	iPSC	0.921039517856066	4
465	GSM2100006	iPSC	0.920793241754196	5
466	GSM2100007	iPSC	0.92658772164586	2
467	GSM2100008	iPSC	0.931088080904531	2
468	GSM2100009	iPSC	0.920941023066076	2
469	GSM2100010	iPSC	0.919358070209835	5
470	GSM2100011	iPSC	0.9259645266251	4
471	GSM2100012	iPSC	0.890478285368595	4
472	GSM2100013	iPSC	0.831461281687422	2
473	GSM2100014	iPSC	0.937050644101409	2
474	GSM2100015	iPSC	0.953175420684802	2
475	GSM2100016	iPSC	0.935778360750043	4
476	GSM2100017	iPSC	0.920174492303507	3
477	GSM2100018	iPSC	0.901461799935543	1
478	GSM2100019	iPSC	0.923232987988248	1
479	GSM2100020	iPSC	0.869781733100547	3
480	GSM2100021	iPSC	0.920195951587423	2
481	GSM2100022	iPSC	0.863215543869385	1
482	GSM2100023	iPSC	0.934480108001094	4
483	GSM2100024	iPSC	0.941283587427308	4
484	GSM2100025	iPSC	0.936733319849535	2
485	GSM2100026	iPSC	0.887190829985758	5
486	GSM2100027	iPSC	0.905805928862604	3
487	GSM2100028	iPSC	0.896753051607889	4
488	GSM2100029	iPSC	0.960813301426099	5
489	GSM2100030	iPSC	0.954805525683805	3
490	GSM2100031	iPSC	0.961981067346182	1
491	GSM2100032	iPSC	0.911221410630358	5
492	GSM2100033	iPSC	0.913805432056584	4
493	GSM2100034	iPSC	0.90854732607271	1
494	GSM2100035	iPSC	0.891167254990158	5
495	GSM2100036	iPSC	0.878611126128936	5
496	GSM2100037	iPSC	0.903451412398967	5
497	GSM2100038	iPSC	0.867482979084378	2
498	GSM2100039	iPSC	0.843499387452436	1
499	GSM2100040	iPSC	0.843870246126183	5
500	GSM2100041	iPSC	0.848656056216791	3
501	GSM2100042	iPSC	0.890508270183309	2
502	GSM2100043	iPSC	0.893826207919768	4
503	GSM2100044	iPSC	0.885451968367053	1
504	GSM2100045	iPSC	0.91888631702419	4
505	GSM2100046	iPSC	0.925676185867276	2
506	GSM2100047	iPSC	0.933444581533962	4
507	GSM2100048	iPSC	0.934602812420961	3
508	GSM2100049	iPSC	0.964727910477507	5
509	GSM2100050	iPSC	0.942832969941838	5
510	GSM2100051	iPSC	0.940138412773558	2
511	GSM2100052	iPSC	0.949441070005845	1
512	GSM2100053	iPSC	0.963328113571589	3
513	GSM2100054	iPSC	0.973574413054537	4
514	GSM2100055	iPSC	0.93110048691241	3
515	GSM2100056	iPSC	0.941958926210045	3
516	GSM2100057	iPSC	0.935046335757486	4
517	GSM2100058	iPSC	0.936478702539007	3
518	GSM2100059	iPSC	0.939510575225052	2
519	GSM2100060	iPSC	0.936563747073208	5
520	GSM2100061	iPSC	0.940079032346349	1
521	GSM2100062	iPSC	0.920709831466937	2
522	GSM2100063	iPSC	0.935102922041129	1
523	GSM2100064	iPSC	0.862340849284682	4
524	GSM2100065	iPSC	0.892810925024686	1
525	GSM2100066	iPSC	0.893539142259486	3
526	GSM2100067	iPSC	0.867782372996232	4
527	GSM2100068	iPSC	0.861386375553373	2
528	GSM2100069	iPSC	0.922559791002659	1
529	GSM2100070	iPSC	0.933471170029179	3
530	GSM2100071	iPSC	0.936964290685661	2
531	GSM2100072	iPSC	0.906878725554284	4
532	GSM2100073	iPSC	0.898741839874777	1
533	GSM2100074	iPSC	0.908382345368861	3
534	GSM2100075	iPSC	0.989437898138674	3
535	GSM2100076	iPSC	0.971428260629606	4
536	GSM2100077	iPSC	0.961656216531881	3
537	GSM2100078	iPSC	0.981841439565034	2
538	GSM2100079	iPSC	0.968236082641624	1
539	GSM2100080	iPSC	0.986916044992103	1
540	GSM2100081	iPSC	0.918346942831058	3
541	GSM2100082	iPSC	0.921457214728433	1
542	GSM2100083	iPSC	0.895580065179689	2
543	GSM2100084	iPSC	0.883318239455097	3
544	GSM2100085	iPSC	0.901771816944818	2
545	GSM2100086	iPSC	0.881499389001972	1
546	GSM2100087	iPSC	0.860315333718454	3
547	GSM2100088	iPSC	0.884778865887108	5
548	GSM2100089	iPSC	0.958221399908163	5
549	GSM2100090	iPSC	0.974086040588912	4
550	GSM2100091	iPSC	0.951480537285483	1
551	GSM2100092	iPSC	0.968529534300125	3
552	GSM2100093	iPSC	0.955908025664369	2
553	GSM2100094	iPSC	0.974342243715006	4
554	GSM2100095	iPSC	0.963735897956297	4
555	GSM2100096	iPSC	0.955747172583108	2
556	GSM2100097	iPSC	0.953135850220024	3
557	GSM2100098	iPSC	0.968080823254145	5
558	GSM2100099	iPSC	0.90771250210404	5
559	GSM2100100	iPSC	0.954002232335072	4
560	GSM2100101	iPSC	0.90074108864466	2
561	GSM2100102	iPSC	0.933190812178439	2
562	GSM2100103	iPSC	0.947131392858674	3
563	GSM2100104	iPSC	0.952624326832698	5
564	GSM2100105	iPSC	0.862990427455445	2
565	GSM2100106	iPSC	0.879473903455552	3
566	GSM2100107	iPSC	0.916606252538326	5
567	GSM2100108	iPSC	0.934486619273589	2
568	GSM2100109	iPSC	0.935046211527332	2
569	GSM2100110	iPSC	0.950645104342959	4
570	GSM2100111	iPSC	0.926049559021163	3
571	GSM2100112	iPSC	0.927467579921442	5
572	GSM2100113	iPSC	0.93698999387514	4
573	GSM2100114	iPSC	0.952120329289262	4
574	GSM2100115	iPSC	0.929137962448482	2
575	GSM2100116	iPSC	0.959798120278349	1
576	GSM2100117	iPSC	0.93899860149399	2
577	GSM2100118	iPSC	0.951978012980079	1
578	GSM2100119	iPSC	0.973641899917509	3
579	GSM2100120	iPSC	0.973512930922248	4
580	GSM2100121	iPSC	0.961495497699583	4
581	GSM2100122	iPSC	0.892664365549144	1
582	GSM2100123	iPSC	0.915710577673096	4
583	GSM2100124	iPSC	0.936242563486133	4
584	GSM2100125	iPSC	0.945554008179193	1
585	GSM2100126	iPSC	0.931536179665397	3
586	GSM2100127	iPSC	0.929765556818099	3
587	GSM2100128	iPSC	0.922812698123299	1
588	GSM2100129	iPSC	0.911890036900666	4
589	GSM2100130	iPSC	0.903043031251838	5
590	GSM2100131	iPSC	0.926733038903872	1
591	GSM2100132	iPSC	0.938456606093041	2
592	GSM2100133	iPSC	0.931845045980489	2
593	GSM2100134	iPSC	0.951069891743987	3
594	GSM2100135	iPSC	0.953971635634949	3
595	GSM2100136	iPSC	0.937096774749894	2
596	GSM2100137	iPSC	0.928132717580425	1
597	GSM2100138	iPSC	0.920879000507317	2
598	GSM2100139	iPSC	0.913760142920515	5
599	GSM2100140	iPSC	0.887280220163032	5
600	GSM2100141	iPSC	0.91198927604229	1
601	GSM2100142	iPSC	0.915196224049422	5
602	GSM2100143	iPSC	0.951765975547228	4
603	GSM2100144	iPSC	0.945133655246633	4
604	GSM2100145	iPSC	0.937181636695736	1
605	GSM2100146	iPSC	0.887475299629088	4
606	GSM2100147	iPSC	0.919242906116938	4
607	GSM2100148	iPSC	0.910135830425234	3
608	GSM2100149	iPSC	0.946169214251661	1
609	GSM2100150	iPSC	0.936299787692063	1
610	GSM2100151	iPSC	0.945930892152696	4
611	GSM2100152	iPSC	0.924940716056906	2
612	GSM2100153	iPSC	0.946112868077825	4
613	GSM2100154	iPSC	0.825413643375843	3
614	GSM2100155	iPSC	0.898701694125822	5
615	GSM2100156	iPSC	0.894582164616934	3
616	GSM2100157	iPSC	0.903575158302441	3
617	GSM2100158	iPSC	0.933122394500619	2
618	GSM2100159	iPSC	0.950363863151878	2
619	GSM2100160	iPSC	0.953826429951756	4
620	GSM2100161	iPSC	0.936466292290211	5
621	GSM2100162	iPSC	0.944877301902364	3
622	GSM2100163	iPSC	0.943838105783335	1
623	GSM2100164	iPSC	0.928671939333102	1
624	GSM2100165	iPSC	0.894673642426882	4
625	GSM2100166	iPSC	0.939975383587139	3
626	GSM2100167	iPSC	0.945767753220257	2
627	GSM2100168	iPSC	0.947543548544541	5
628	GSM2100169	iPSC	0.935706524035754	4
629	GSM2100170	iPSC	0.909068520749875	1
630	GSM2100171	iPSC	0.903569605777522	3
631	GSM2100172	iPSC	0.899800010771922	1
632	GSM2100173	iPSC	0.898242653447336	3
633	GSM2100174	iPSC	0.794071530127187	3
634	GSM2100175	iPSC	0.905186024212281	4
635	GSM2100176	iPSC	0.898342607058045	4
636	GSM2100177	iPSC	0.907210091726702	4
637	GSM2100178	iPSC	0.954497206610873	3
638	GSM2100179	iPSC	0.911222116769681	2
639	GSM2100180	iPSC	0.915862207945277	5
640	GSM2100181	iPSC	0.905163208122165	1
641	GSM2100182	iPSC	0.956491176092446	4
642	GSM2100183	iPSC	0.941927338310494	2
643	GSM2100184	iPSC	0.971425935994434	5
644	GSM2100185	iPSC	0.943596139513375	5
645	GSM2100186	iPSC	0.943369008290388	3
646	GSM2100187	iPSC	0.94565909716282	2
647	GSM2100188	iPSC	0.937093039483277	5
648	GSM2100189	iPSC	0.926566415206432	5
649	GSM2100190	iPSC	0.899782061145559	1
650	GSM2100191	iPSC	0.925381469723785	5
651	GSM2100192	iPSC	0.918360505537384	2
652	GSM2100193	iPSC	0.932236211599973	5
653	GSM2100194	iPSC	0.874968572953599	1
654	GSM2100195	iPSC	0.951767214696775	4
655	GSM2100196	iPSC	0.901716527616503	5
656	GSM2100197	iPSC	0.94069104849828	1
657	GSM2100198	iPSC	0.942793389775654	4
658	GSM2100199	iPSC	0.925077949733188	2
659	GSM2100200	iPSC	0.925733320132597	1
660	GSM2100201	iPSC	0.903855916479804	5
661	GSM2100202	iPSC	0.896063139259755	3
662	GSM2100203	iPSC	0.898618558755267	5
663	GSM2100204	iPSC	0.904392673450938	3
664	GSM2100205	iPSC	0.954537025194252	2
665	GSM2100206	iPSC	0.942530184353873	2
666	GSM2100207	iPSC	0.945314156517746	2
667	GSM2100208	iPSC	0.890868955067259	3
668	GSM2100209	iPSC	0.911350233644016	2
669	GSM2100210	iPSC	0.908085406302727	2
670	GSM2100211	iPSC	0.92856922348518	2
671	GSM2100212	iPSC	0.941139237612323	3
672	GSM2100213	iPSC	0.957036896757473	5
673	GSM2100214	iPSC	0.903383698412997	5
674	GSM2100215	iPSC	0.88755393098652	2
675	GSM2100216	iPSC	0.916612727404368	4
676	GSM2100217	iPSC	0.897035227948896	5
677	GSM2100218	iPSC	0.911971995948708	5
678	GSM2100219	iPSC	0.914501948768592	1
679	GSM2100220	iPSC	0.944806848331324	5
680	GSM2100221	iPSC	0.958415631279055	1
681	GSM2100222	iPSC	0.927579531092642	1
682	GSM2100223	iPSC	0.946583824549796	5
683	GSM2100224	iPSC	0.937386331216591	3
684	GSM2100225	iPSC	0.931797310961766	1
685	GSM2100226	iPSC	0.977448946024325	4
686	GSM2100227	iPSC	0.96983681875143	2
687	GSM2100228	iPSC	0.99592399889808	4
688	GSM2100229	iPSC	0.934445059518132	4
689	GSM2100230	iPSC	0.933935298896363	5
690	GSM2100231	iPSC	0.932429254771273	1
691	GSM2100232	iPSC	0.964027268465231	4
692	GSM2100233	iPSC	0.953258888583335	1
693	GSM2100234	iPSC	0.962626682115588	4
694	GSM2100235	iPSC	0.916310985954596	4
695	GSM2100236	iPSC	0.918524331339684	1
696	GSM2100237	iPSC	0.924331301504358	5
697	GSM2100238	iPSC	0.909906078563848	4
698	GSM2100239	iPSC	0.919693567846405	2
699	GSM2100240	iPSC	0.869948444295714	3
700	GSM2100241	iPSC	0.883845077897816	3
701	GSM2100242	iPSC	0.91005271329988	3
702	GSM2100243	iPSC	0.92146741390417	5
703	GSM2100244	iPSC	0.943596920853605	5
704	GSM2100245	iPSC	0.950909255934613	5
705	GSM2100246	iPSC	0.942216563287542	3
706	GSM2100247	iPSC	0.936156653666325	2
707	GSM2100248	iPSC	0.92226295112774	5
708	GSM2100249	iPSC	0.932197660804387	3
709	GSM2100250	iPSC	0.948724397112691	1
710	GSM2100251	iPSC	0.943634231861278	2
711	GSM2100252	iPSC	0.938928364309329	1
712	GSM2100253	iPSC	0.897858969308033	1
713	GSM2100254	iPSC	0.923846996310446	5
714	GSM2100255	iPSC	0.895542808282499	3
715	GSM2100256	iPSC	0.89991274722411	2
716	GSM2100257	iPSC	0.895306748918688	1
717	GSM2100258	iPSC	0.882648319930147	1
718	GSM2100259	iPSC	0.941863727580369	1
719	GSM2100260	iPSC	0.931790733642777	3
720	GSM2100261	iPSC	0.959363892378784	3
721	GSM2100262	iPSC	0.891877590716839	4
722	GSM2100263	iPSC	0.903115164421864	1
723	GSM2100264	iPSC	0.901481564617115	3
724	GSM2100265	iPSC	0.966331787751484	3
725	GSM2100266	iPSC	0.961518850655858	3
726	GSM2100267	iPSC	0.962985569336691	3
727	GSM2100268	iPSC	0.916817482457192	2
728	GSM2100269	iPSC	0.920864762229639	2
729	GSM2100270	iPSC	0.916077450430034	2
730	GSM2100271	iPSC	0.887265610426413	2
731	GSM2100272	iPSC	0.880584062742779	5
732	GSM2100273	iPSC	0.886608292015692	3
733	GSM2100274	iPSC	0.88337419089711	4
734	GSM2100275	iPSC	0.889504197909125	4
